,country,forecast_2023,forecast_2024,forecast_2025,forecast_2026,forecast_2027,forecast_2028,forecast_2029,forecast_2030,forecast_2031,forecast_2032,forecast_2033,forecast_2034,forecast_2035,forecast_2036,forecast_2037,forecast_2038
0,Afghanistan,12.822650909423828,13.094021797180176,13.325919151306152,13.530004501342773,13.720682144165039,13.922178268432617,14.118610382080078,14.302064895629883,14.470108032226562,14.624835968017578,14.758698463439941,14.874982833862305,14.978594779968262,15.069219589233398,15.151034355163574,15.225767135620117
1,Africa,1432.55615234375,1440.75390625,1448.5169677734375,1455.2724609375,1461.1527099609375,1466.6905517578125,1471.7335205078125,1475.4830322265625,1479.3870849609375,1482.6190185546875,1485.5191650390625,1488.4112548828125,1489.9295654296875,1492.6962890625,1494.29931640625,1496.083740234375
2,Africa (GCP),1434.3663330078125,1442.99560546875,1451.053466796875,1458.1732177734375,1464.5001220703125,1470.3765869140625,1475.662353515625,1479.93017578125,1484.1492919921875,1487.765869140625,1491.0390625,1494.145263671875,1496.305419921875,1499.1964111328125,1501.19091796875,1503.230712890625
3,Albania,4.826024532318115,4.805624961853027,4.785769939422607,4.778764724731445,4.789482593536377,4.785584449768066,4.796200752258301,4.834692001342773,4.829498767852783,4.821004390716553,4.836850166320801,4.838887691497803,4.838333606719971,4.845203399658203,4.848047733306885,4.85314416885376
4,Algeria,184.4754180908203,186.23065185546875,187.66522216796875,188.82821655273438,189.76243591308594,190.5155487060547,191.12710571289062,191.62322998046875,192.03416442871094,192.38148498535156,192.66384887695312,192.8956756591797,193.09100341796875,193.26806640625,193.40171813964844,193.5169219970703
5,Andorra,0.3371043801307678,0.3115858733654022,0.2923077344894409,0.2780775725841522,0.2681885063648224,0.2607785165309906,0.2551862895488739,0.25091907382011414,0.2472892850637436,0.24409909546375275,0.24136750400066376,0.2384614199399948,0.23600135743618011,0.23509232699871063,0.23435650765895844,0.23356442153453827
6,Angola,15.086414337158203,14.769097328186035,14.84272289276123,15.34824275970459,16.068986892700195,17.45116424560547,19.173011779785156,20.960128784179688,23.12729835510254,24.603294372558594,25.536182403564453,26.05438995361328,26.05253791809082,25.487058639526367,24.880847930908203,23.755937576293945
7,Anguilla,0.14286735653877258,0.14355088770389557,0.14425162971019745,0.14475823938846588,0.14549507200717926,0.14633987843990326,0.1472609043121338,0.14802227914333344,0.14830441772937775,0.14859585464000702,0.1491565704345703,0.14959964156150818,0.14969508349895477,0.1498897820711136,0.15019957721233368,0.1504809707403183
8,Antarctica,,,,,,,,,,,,,,,,
9,Antigua and Barbuda,0.621289074420929,0.6236404776573181,0.6257004141807556,0.6277995705604553,0.629845142364502,0.6316260099411011,0.63327956199646,0.6346621513366699,0.6357537508010864,0.6366058588027954,0.637319803237915,0.6378847360610962,0.6381912231445312,0.6387996077537537,0.6396342515945435,0.6403323411941528
10,Argentina,182.21376037597656,182.22459411621094,182.05369567871094,182.01492309570312,182.05052185058594,182.1327362060547,182.20269775390625,182.26803588867188,182.42190551757812,182.57054138183594,182.6793212890625,182.65878295898438,182.58602905273438,182.25057983398438,182.35874938964844,182.55970764160156
11,Armenia,7.008109092712402,7.164750099182129,7.380110740661621,7.597622871398926,7.777706146240234,7.91934061050415,8.066266059875488,8.204168319702148,8.339991569519043,8.476969718933105,8.59228801727295,8.690117835998535,8.766860008239746,8.82353687286377,8.870397567749023,8.935162544250488
12,Aruba,0.9378149509429932,0.9626182317733765,0.988924503326416,1.0141057968139648,1.037750482559204,1.0449782609939575,1.045777440071106,1.0464378595352173,1.04709792137146,1.047224521636963,1.0470582246780396,1.0462909936904907,1.0453559160232544,1.0440317392349243,1.0419948101043701,1.039854884147644
13,Asia,21720.900390625,21951.58984375,22160.404296875,22345.056640625,22509.60546875,22661.181640625,22803.470703125,22935.681640625,23058.4375,23170.744140625,23270.064453125,23357.654296875,23436.666015625,23511.453125,23573.75390625,23630.373046875
14,Asia (GCP),18924.24609375,19133.177734375,19324.087890625,19492.390625,19640.408203125,19777.6875,19907.626953125,20030.6875,20147.7578125,20256.982421875,20353.95703125,20438.439453125,20513.837890625,20586.97265625,20647.12890625,20702.326171875
15,Asia (excl. China and India),7642.25439453125,7682.75537109375,7715.162109375,7741.69384765625,7763.46923828125,7782.04345703125,7796.67822265625,7808.20068359375,7817.67236328125,7825.31201171875,7832.294921875,7838.80029296875,7844.8837890625,7847.65869140625,7849.9580078125,7851.7763671875
16,Australia,395.92279052734375,395.8088073730469,396.0864562988281,396.1971435546875,396.2046203613281,396.5260314941406,396.05743408203125,394.80169677734375,394.4640808105469,395.36260986328125,397.0977783203125,399.39691162109375,401.6776123046875,401.9578857421875,401.1775207519531,400.82269287109375
17,Austria,62.153690338134766,61.291385650634766,60.7679557800293,59.982635498046875,59.341400146484375,58.85734939575195,58.38196563720703,58.090614318847656,57.7326774597168,57.36802673339844,56.94635009765625,56.662322998046875,56.35688400268555,56.23145294189453,56.010353088378906,55.908485412597656
18,Azerbaijan,38.587345123291016,39.02560043334961,39.36517333984375,39.61765670776367,39.816551208496094,39.97868347167969,40.11270523071289,40.225460052490234,40.32151794433594,40.40366744995117,40.47360610961914,40.53242874145508,40.577938079833984,40.62065505981445,40.652259826660156,40.680877685546875
19,Bahamas,2.0173187255859375,1.9762133359909058,1.9497461318969727,1.8904404640197754,1.8095722198486328,1.7944382429122925,1.7956024408340454,1.8051189184188843,1.8209898471832275,1.837985873222351,1.8676639795303345,1.8978780508041382,1.9334200620651245,1.9575351476669312,1.9776554107666016,2.0000271797180176
20,Bahrain,39.27075958251953,39.98280334472656,40.73025894165039,41.449127197265625,42.1605339050293,42.8625602722168,43.454917907714844,44.02460479736328,44.53675079345703,45.03388595581055,45.47496795654297,45.88752365112305,46.19130325317383,46.484336853027344,46.75074768066406,47.00766372680664
21,Bangladesh,102.7596206665039,104.4148941040039,105.74439239501953,106.82102966308594,107.714111328125,108.45423126220703,109.0873794555664,109.61666870117188,110.04412078857422,110.4075698852539,110.70723724365234,110.96601104736328,111.09825134277344,111.25931549072266,111.37769317626953,111.46815490722656
22,Barbados,1.1022872924804688,1.1647425889968872,1.2450265884399414,1.2808825969696045,1.3587110042572021,1.3977824449539185,1.4450381994247437,1.4710512161254883,1.501409888267517,1.5373424291610718,1.5717618465423584,1.6101031303405762,1.6504570245742798,1.672482967376709,1.6940182447433472,1.7152577638626099
23,Belarus,61.51889419555664,61.4077262878418,61.23451232910156,61.1706657409668,61.05780792236328,60.99647521972656,60.9543342590332,60.859222412109375,60.68523406982422,60.6322135925293,60.67463302612305,60.778663635253906,60.8173942565918,60.76654815673828,60.810916900634766,60.79338455200195
24,Belgium,91.38075256347656,90.531005859375,89.82129669189453,89.12413024902344,88.55376434326172,88.03631591796875,87.5464859008789,87.12572479248047,86.69258117675781,86.30400085449219,85.95064544677734,85.6234130859375,85.33616638183594,85.1434326171875,84.9254379272461,84.77589416503906
25,Belize,0.7318467497825623,0.7461488842964172,0.7575950026512146,0.7674731016159058,0.7760983109474182,0.7843677997589111,0.7911924123764038,0.7964747548103333,0.7998464107513428,0.8029531240463257,0.8057568073272705,0.8082450032234192,0.8099044561386108,0.8118342161178589,0.8130361437797546,0.8139959573745728
26,Benin,8.905930519104004,9.19410228729248,9.448895454406738,9.671345710754395,9.87235164642334,10.050480842590332,10.204545021057129,10.336588859558105,10.44677734375,10.533045768737793,10.607839584350586,10.66965389251709,10.728809356689453,10.7767333984375,10.815513610839844,10.850184440612793
27,Bermuda,0.5179396867752075,0.5700123906135559,0.600753128528595,0.6149137616157532,0.6300370693206787,0.647420346736908,0.5987045764923096,0.5353822112083435,0.48377716541290283,0.4638178050518036,0.4899832010269165,0.5538123250007629,0.5926340818405151,0.6245872974395752,0.6433760523796082,0.644246518611908
28,Bhutan,1.1229039430618286,1.0946481227874756,1.0621687173843384,1.032347559928894,1.0123838186264038,0.9963998794555664,0.9837775230407715,0.9758831262588501,0.9696803689002991,0.9725437760353088,0.9804909825325012,0.996608555316925,1.0152106285095215,1.0114282369613647,1.0138410329818726,1.0162638425827026
29,Bolivia,21.58003044128418,21.523263931274414,21.432218551635742,21.33156394958496,21.230609893798828,21.1494140625,21.05086326599121,21.00044822692871,20.940176010131836,20.91581153869629,20.923709869384766,20.951541900634766,20.994531631469727,20.901723861694336,20.90352439880371,20.901859283447266
30,Bonaire Sint Eustatius and Saba,0.11680367588996887,0.11921998113393784,0.12150479853153229,0.12436595559120178,0.12656626105308533,0.12823037803173065,0.1297937035560608,0.13124819099903107,0.1323685646057129,0.1332705169916153,0.1341361254453659,0.13503320515155792,0.13568080961704254,0.13623608648777008,0.1368570476770401,0.1374284029006958
31,Bosnia and Herzegovina,20.495363235473633,20.468955993652344,20.44915771484375,20.438390731811523,20.46874237060547,20.483936309814453,20.498516082763672,20.47884178161621,20.443435668945312,20.45085334777832,20.468320846557617,20.489553451538086,20.496559143066406,20.504884719848633,20.5008487701416,20.49232292175293
32,Botswana,6.762929916381836,6.780457973480225,6.778208255767822,6.776636600494385,6.759222030639648,6.749241828918457,6.7426438331604,6.748780727386475,6.7354207038879395,6.730966091156006,6.735256195068359,6.746447563171387,6.750226020812988,6.736850261688232,6.727881908416748,6.734103202819824
33,Brazil,460.18310546875,457.0033874511719,453.1107177734375,451.6426696777344,451.16448974609375,452.09112548828125,454.4306945800781,458.1461486816406,461.0871887207031,462.5364685058594,464.2707824707031,465.1091003417969,465.7151184082031,464.8393859863281,466.5937805175781,467.7099609375
34,British Virgin Islands,0.15100525319576263,0.15156598389148712,0.15293358266353607,0.15869325399398804,0.16546860337257385,0.17305710911750793,0.1811651587486267,0.18996435403823853,0.20027101039886475,0.2102254182100296,0.21234731376171112,0.2113579660654068,0.21022559702396393,0.2078019678592682,0.20363222062587738,0.19877415895462036
35,Brunei,11.702347755432129,11.844831466674805,12.109883308410645,12.343589782714844,12.467223167419434,12.59929084777832,12.840608596801758,13.001715660095215,13.236916542053223,13.416451454162598,13.522457122802734,13.621660232543945,13.676960945129395,13.72178840637207,13.76156997680664,13.81540584564209
36,Bulgaria,43.628936767578125,44.476318359375,44.38444137573242,44.56737518310547,45.34597396850586,45.683372497558594,45.574501037597656,45.671348571777344,46.03031921386719,46.20646286010742,46.5355339050293,46.6236572265625,46.61616134643555,46.1782112121582,45.99353790283203,46.08976364135742
37,Burkina Faso,6.365062713623047,6.548217296600342,6.696925163269043,6.816885948181152,6.912893295288086,6.989799499511719,7.051341533660889,7.099647045135498,7.137928485870361,7.1681599617004395,7.192165851593018,7.2115349769592285,7.2275776863098145,7.240207195281982,7.25005578994751,7.257732391357422
38,Burundi,0.851978600025177,0.8746415972709656,0.890593945980072,0.9021994471549988,0.9105194807052612,0.9162243604660034,0.919826328754425,0.9216662645339966,0.9221952557563782,0.9220609664916992,0.9216398596763611,0.9213278889656067,0.9209069013595581,0.9204812049865723,0.9201633930206299,0.9197548627853394
39,Cambodia,20.572097778320312,20.837596893310547,21.02449607849121,21.155418395996094,21.242145538330078,21.294462203979492,21.31673812866211,21.322303771972656,21.318132400512695,21.313983917236328,21.306488037109375,21.296375274658203,21.29648780822754,21.296262741088867,21.297449111938477,21.296693801879883
40,Cameroon,10.095682144165039,10.143112182617188,10.188617706298828,10.228060722351074,10.259450912475586,10.279688835144043,10.291927337646484,10.301896095275879,10.313584327697754,10.325031280517578,10.333833694458008,10.341086387634277,10.346258163452148,10.350005149841309,10.355184555053711,10.356574058532715
41,Canada,533.3707885742188,533.3160400390625,532.5196533203125,531.9161376953125,530.2630615234375,528.8453369140625,527.565185546875,527.435302734375,527.9512329101562,530.00927734375,532.6262817382812,537.4389038085938,546.4462280273438,545.1467895507812,547.4634399414062,552.21142578125
42,Cape Verde,0.5668309926986694,0.5744571685791016,0.5765225291252136,0.5744442939758301,0.5657401084899902,0.5704784393310547,0.5764861106872559,0.5838387608528137,0.5912020206451416,0.5985236167907715,0.6047443151473999,0.6082770824432373,0.6099367737770081,0.6160798668861389,0.6185540556907654,0.6203194856643677
43,Central African Republic,0.23504340648651123,0.22524122893810272,0.21215306222438812,0.1983688473701477,0.18839743733406067,0.17993810772895813,0.1477370262145996,0.12453468888998032,0.13021083176136017,0.14675462245941162,0.17006251215934753,0.19057516753673553,0.20732904970645905,0.22080203890800476,0.23124220967292786,0.23548881709575653
44,Central America (GCP),157.8279266357422,156.51930236816406,154.6865997314453,154.77842712402344,155.10382080078125,155.4892578125,156.41043090820312,158.7919464111328,163.7317657470703,167.0518798828125,169.42486572265625,171.5765838623047,174.08016967773438,173.67874145507812,174.00308227539062,174.1669158935547
45,Chad,2.3873977661132812,2.395390272140503,2.4018077850341797,2.405073404312134,2.4051663875579834,2.4051706790924072,2.405534267425537,2.4056780338287354,2.4063637256622314,2.4071199893951416,2.407646656036377,2.4083120822906494,2.408388376235962,2.407980442047119,2.408458948135376,2.4084770679473877
46,Chile,87.11711120605469,87.4695816040039,87.72354125976562,87.93460845947266,88.13153839111328,88.3076171875,88.4710693359375,88.58898162841797,88.68858337402344,88.77813720703125,88.85433197021484,88.91748809814453,89.00667572021484,89.05809020996094,89.11637878417969,89.15735626220703
47,China,11267.259765625,11381.5751953125,11483.8076171875,11571.744140625,11646.6748046875,11717.634765625,11785.697265625,11851.98828125,11917.0751953125,11978.9736328125,12033.37109375,12079.84375,12119.2099609375,12154.15625,12183.3818359375,12211.5908203125
48,Christmas Island,,,,,,,,,,,,,,,,
49,Colombia,93.43421173095703,93.21765899658203,93.02295684814453,92.8294677734375,92.57943725585938,92.3486099243164,92.21369934082031,92.23551177978516,92.25273132324219,92.33384704589844,92.307373046875,92.18769073486328,92.17475891113281,92.08714294433594,92.09447479248047,92.1827392578125
50,Comoros,0.4335818886756897,0.44189170002937317,0.4476955831050873,0.4519483149051666,0.45489785075187683,0.45701056718826294,0.45863673090934753,0.45960772037506104,0.46022456884384155,0.4606603682041168,0.4610522389411926,0.4613340497016907,0.46147993206977844,0.46165913343429565,0.46182960271835327,0.46193376183509827
51,Congo,7.774909973144531,7.965377330780029,8.123637199401855,8.257087707519531,8.377513885498047,8.48131275177002,8.56498908996582,8.641962051391602,8.70787525177002,8.764666557312012,8.814481735229492,8.851701736450195,8.879834175109863,8.90500259399414,8.929034233093262,8.949586868286133
52,Cook Islands,0.06776757538318634,0.06641653180122375,0.06507803499698639,0.06466859579086304,0.06537704169750214,0.06666158139705658,0.0681588277220726,0.06943682581186295,0.07082290202379227,0.07125559449195862,0.07270801812410355,0.07414200901985168,0.07581356912851334,0.07555114477872849,0.0755268782377243,0.07533299922943115
53,Costa Rica,7.644234657287598,7.648662567138672,7.651165008544922,7.650915622711182,7.648122310638428,7.643918514251709,7.643232345581055,7.6438188552856445,7.640527248382568,7.6419572830200195,7.645939826965332,7.650730133056641,7.65272855758667,7.643424034118652,7.642938613891602,7.645221710205078
54,Cote d'Ivoire,11.775915145874023,11.881723403930664,11.970969200134277,12.041952133178711,12.097067832946777,12.137361526489258,12.168783187866211,12.194853782653809,12.2168607711792,12.232292175292969,12.248332023620605,12.265422821044922,12.278566360473633,12.288008689880371,12.29465103149414,12.300423622131348
55,Croatia,17.492469787597656,17.533985137939453,17.56199073791504,17.591461181640625,17.627174377441406,17.643095016479492,17.65218162536621,17.650362014770508,17.65256690979004,17.66232681274414,17.686885833740234,17.69620704650879,17.708032608032227,17.70176124572754,17.70234489440918,17.70393180847168
56,Cuba,19.715816497802734,20.178621292114258,21.03986930847168,25.02997589111328,26.96368980407715,28.692230224609375,29.647083282470703,30.348691940307617,31.12963104248047,31.599428176879883,31.746076583862305,31.708620071411133,31.539581298828125,31.114282608032227,30.35379409790039,29.03774642944336
57,Curacao,1.6371378898620605,1.9777343273162842,2.619713306427002,2.1497232913970947,2.5001020431518555,3.885967969894409,5.09303092956543,6.262007713317871,6.973257064819336,7.296380996704102,7.454901695251465,7.539682865142822,7.523448467254639,7.44100284576416,7.270211219787598,6.940996170043945
58,Cyprus,7.195340633392334,7.178226470947266,7.163562774658203,7.152970790863037,7.1464152336120605,7.145895957946777,7.152485370635986,7.15423059463501,7.155242443084717,7.152018070220947,7.14801549911499,7.146337985992432,7.144856929779053,7.147951126098633,7.1494293212890625,7.150650978088379
59,Czechia,94.9789047241211,94.00967407226562,93.12423706054688,92.40980529785156,91.82359313964844,91.32769775390625,90.88895416259766,90.5030746459961,90.18888092041016,89.95575714111328,89.80029296875,89.69833374023438,89.6098403930664,89.48641967773438,89.40538787841797,89.35606384277344
60,Democratic Republic of Congo,3.380844831466675,3.3950746059417725,3.4170923233032227,3.4357857704162598,3.449038505554199,3.469348430633545,3.4635801315307617,3.4291114807128906,3.43198561668396,3.451993465423584,3.4619812965393066,3.4662930965423584,3.465479612350464,3.461428642272949,3.450996160507202,3.447568893432617
61,Denmark,27.645374298095703,26.992839813232422,26.456077575683594,26.043519973754883,25.696571350097656,25.39352035522461,25.170835494995117,24.97726058959961,24.809917449951172,24.69574737548828,24.605121612548828,24.547475814819336,24.4928035736084,24.436737060546875,24.402257919311523,24.379070281982422
62,Djibouti,0.4555239677429199,0.48256582021713257,0.44246906042099,0.4916076064109802,0.45036667585372925,0.4695473909378052,0.5061904788017273,0.3737233579158783,0.4598655104637146,0.3888668119907379,0.4216080904006958,0.4454761743545532,0.4513973295688629,0.4050338864326477,0.4628518223762512,0.45314139127731323
63,Dominica,0.1578850895166397,0.15803579986095428,0.15899479389190674,0.15939779579639435,0.15908226370811462,0.15922394394874573,0.1590888351202011,0.15925519168376923,0.15989601612091064,0.16040287911891937,0.16022208333015442,0.16030612587928772,0.1608157604932785,0.16081005334854126,0.1605626940727234,0.16032585501670837
64,Dominican Republic,24.940584182739258,24.874698638916016,24.76812171936035,24.666610717773438,24.575855255126953,24.473161697387695,24.36310577392578,24.265300750732422,24.21971893310547,24.211652755737305,24.188440322875977,24.220413208007812,24.332366943359375,24.309499740600586,24.293344497680664,24.271337509155273
65,East Timor,0.6640512347221375,0.666135311126709,0.6674724817276001,0.6677941083908081,0.667953610420227,0.6684415340423584,0.6688981652259827,0.6692558526992798,0.6692918539047241,0.6694099307060242,0.6697279810905457,0.6697052717208862,0.6698554158210754,0.6698641777038574,0.6699048280715942,0.669959545135498
66,Ecuador,37.935176849365234,37.63299560546875,37.43402099609375,37.3153076171875,37.25729751586914,37.1690559387207,37.153263092041016,37.28645706176758,37.37175369262695,37.40718078613281,37.44447708129883,37.46117401123047,37.54349136352539,37.36468505859375,37.41943359375,37.55934524536133
67,Egypt,255.44625854492188,257.42230224609375,259.2290954589844,260.94219970703125,262.44818115234375,263.8767395019531,265.1822204589844,266.24566650390625,267.2238464355469,267.99871826171875,268.5998840332031,269.34033203125,269.9681091308594,270.7608337402344,271.3019714355469,271.7109069824219
68,El Salvador,9.173111915588379,10.509861946105957,10.849257469177246,10.982980728149414,11.053776741027832,11.108224868774414,11.171833992004395,11.225621223449707,11.255230903625488,11.285805702209473,11.332984924316406,11.368635177612305,11.375934600830078,11.403042793273926,11.418069839477539,11.43410873413086
69,Equatorial Guinea,4.7850565910339355,4.6511311531066895,4.268771648406982,4.274280548095703,4.240273475646973,4.440021514892578,5.04320764541626,5.605135440826416,6.035146236419678,6.584890365600586,7.144534587860107,7.323884010314941,7.250133514404297,7.297673225402832,7.337701797485352,7.260850429534912
70,Eritrea,0.680453896522522,0.6475520730018616,0.6252028942108154,0.6024613976478577,0.5921889543533325,0.5863444805145264,0.5751315355300903,0.5644835233688354,0.5530405640602112,0.5437864661216736,0.5368524193763733,0.5398711562156677,0.5481895208358765,0.5582886934280396,0.5781810283660889,0.6001397371292114
71,Estonia,11.33275318145752,12.00678825378418,10.084188461303711,11.834596633911133,13.956910133361816,15.371030807495117,17.515892028808594,18.77289581298828,19.27535629272461,19.9008846282959,20.456199645996094,20.818376541137695,20.944631576538086,20.934661865234375,20.858800888061523,20.63082504272461
72,Eswatini,0.8759025931358337,1.100549340248108,1.0737563371658325,1.1125128269195557,1.1008411645889282,0.9836570024490356,0.7113972902297974,1.107811450958252,1.2354702949523926,1.1506839990615845,1.1301466226577759,1.0874494314193726,1.0331902503967285,1.0661858320236206,1.0323832035064697,0.891747772693634
73,Ethiopia,19.665451049804688,20.04381561279297,20.335378646850586,20.553726196289062,20.718603134155273,20.84001922607422,20.932207107543945,21.006322860717773,21.061908721923828,21.10676383972168,21.14266014099121,21.169296264648438,21.188722610473633,21.203737258911133,21.216238021850586,21.22524070739746
74,Europe,5089.3671875,5046.66845703125,5011.63671875,4986.0712890625,4967.02880859375,4953.0498046875,4942.33984375,4933.3974609375,4926.59326171875,4921.578125,4918.29296875,4916.3154296875,4914.91064453125,4912.837890625,4912.02001953125,4911.1455078125
75,Europe (GCP),5111.470703125,5071.52978515625,5037.22900390625,5013.12744140625,4995.43701171875,4982.89697265625,4973.3671875,4965.02099609375,4959.07080078125,4955.14453125,4953.33642578125,4953.0126953125,4952.873046875,4950.71142578125,4950.88525390625,4950.3564453125
76,Europe (excl. EU-27),2384.109619140625,2365.258056640625,2343.48828125,2330.25390625,2322.54833984375,2319.61376953125,2317.490966796875,2314.86376953125,2312.4208984375,2310.856689453125,2310.60986328125,2312.489990234375,2314.474365234375,2314.516357421875,2316.818115234375,2316.873779296875
77,Europe (excl. EU-28),2119.388427734375,2122.923828125,2121.684326171875,2123.568603515625,2128.041748046875,2134.249755859375,2137.78369140625,2137.508544921875,2135.0048828125,2133.49267578125,2133.457275390625,2137.077392578125,2139.521728515625,2134.587890625,2136.06884765625,2129.177001953125
78,European Union (27),2691.509521484375,2655.469482421875,2624.490234375,2598.205078125,2576.20654296875,2557.716796875,2542.091796875,2528.671630859375,2517.032470703125,2507.16943359375,2498.996337890625,2492.422607421875,2487.229248046875,2483.148193359375,2479.1162109375,2475.78125
79,European Union (28),3017.24462890625,2978.852294921875,2945.861572265625,2919.79345703125,2898.628173828125,2881.792724609375,2868.303955078125,2856.895263671875,2848.050048828125,2841.373046875,2836.769775390625,2833.558349609375,2831.011962890625,2828.212890625,2826.486083984375,2825.157958984375
80,Faroe Islands,0.7236973643302917,0.6973673701286316,0.65828537940979,0.6350343227386475,0.6011767387390137,0.5799441933631897,0.5813983678817749,0.5716052055358887,0.5693128108978271,0.5782883167266846,0.6201003789901733,0.6657695770263672,0.7057090401649475,0.7364245653152466,0.7506440281867981,0.7594310641288757
81,Fiji,1.181298017501831,1.1783660650253296,1.177095651626587,1.1782737970352173,1.1800118684768677,1.182307481765747,1.185591697692871,1.18923819065094,1.1921756267547607,1.1936545372009277,1.1944713592529297,1.1939587593078613,1.1920703649520874,1.1894930601119995,1.1879010200500488,1.1869128942489624
82,Finland,35.88052749633789,34.84645462036133,33.98182678222656,33.351463317871094,32.824092864990234,32.375709533691406,32.020320892333984,31.717548370361328,31.455608367919922,31.261173248291016,31.103208541870117,30.991714477539062,30.90241241455078,30.820587158203125,30.757631301879883,30.704620361328125
83,France,293.69189453125,290.82122802734375,288.45111083984375,286.4062805175781,284.7294921875,283.2544860839844,281.95330810546875,280.9524230957031,280.0264892578125,279.18316650390625,278.4163818359375,277.8210144042969,277.33050537109375,277.085205078125,276.7004699707031,276.4093933105469
84,French Equatorial Africa (Jones et al. 2023),,,,,,,,,,,,,,,,
85,French Polynesia,0.8691580295562744,0.8693094253540039,0.8694063425064087,0.8691156506538391,0.8690491914749146,0.8690539002418518,0.8690610527992249,0.8691917061805725,0.8693157434463501,0.8693262934684753,0.8693625330924988,0.8693292737007141,0.8693048357963562,0.8694054484367371,0.8693298697471619,0.8693116307258606
86,French West Africa (Jones et al. 2023),,,,,,,,,,,,,,,,
87,Gabon,5.995589256286621,6.048664093017578,6.11264705657959,6.088272571563721,6.0585737228393555,6.073217868804932,5.989461421966553,5.645565032958984,5.734593868255615,5.684278964996338,5.929200649261475,6.017299652099609,6.081045627593994,6.040014266967773,6.013395309448242,6.03531551361084
88,Gambia,0.7983608841896057,0.8145018815994263,0.8272782564163208,0.837516188621521,0.8457654118537903,0.8523684740066528,0.8574737310409546,0.8615235686302185,0.8648800253868103,0.8676251769065857,0.8697885274887085,0.8715004324913025,0.872914731502533,0.8740187287330627,0.8748928904533386,0.8755804300308228
89,Georgia,11.515151977539062,11.674290657043457,11.815444946289062,11.929591178894043,12.03946590423584,12.136804580688477,12.213652610778809,12.282828330993652,12.34766674041748,12.40657901763916,12.458380699157715,12.500511169433594,12.541152000427246,12.573315620422363,12.601913452148438,12.625060081481934
90,Germany,636.6588134765625,623.5851440429688,614.3944702148438,604.6817626953125,596.622802734375,589.0576171875,581.4669799804688,575.5081176757812,569.8460083007812,564.4439086914062,559.7223510742188,555.9264526367188,553.2846069335938,551.955810546875,549.978515625,548.2510375976562
91,Ghana,22.100566864013672,23.128604888916016,23.965139389038086,24.612455368041992,25.120159149169922,25.517345428466797,25.848270416259766,26.12388801574707,26.353031158447266,26.559412002563477,26.752809524536133,26.905054092407227,27.033369064331055,27.129243850708008,27.204248428344727,27.275270462036133
92,Greece,55.052146911621094,53.7179069519043,52.66596603393555,51.826229095458984,51.194915771484375,50.73043441772461,50.323123931884766,50.00297546386719,49.74565505981445,49.536869049072266,49.42790222167969,49.364383697509766,49.3116340637207,49.229225158691406,49.17438888549805,49.15376281738281
93,Greenland,0.5800223350524902,0.5877025127410889,0.5899060368537903,0.5963842868804932,0.6039115190505981,0.6028257608413696,0.6005666255950928,0.5961744785308838,0.5918881297111511,0.587688148021698,0.5844928622245789,0.5815019011497498,0.5792683959007263,0.5762811303138733,0.5753355622291565,0.5760555267333984
94,Grenada,0.35007914900779724,0.3623769283294678,0.37541329860687256,0.3884468078613281,0.4016876816749573,0.4136393964290619,0.42380020022392273,0.43566155433654785,0.44525399804115295,0.45348915457725525,0.46042147278785706,0.46578165888786316,0.4701138734817505,0.475004643201828,0.47846636176109314,0.48143404722213745
95,Guatemala,19.725921630859375,19.827051162719727,19.894168853759766,19.930492401123047,19.94489288330078,19.943647384643555,19.936532974243164,19.925771713256836,19.920225143432617,19.915651321411133,19.910001754760742,19.90799903869629,19.90989112854004,19.899742126464844,19.899259567260742,19.896076202392578
96,Guinea,5.20411491394043,5.332180500030518,5.431154727935791,5.508520603179932,5.573470592498779,5.6313323974609375,5.683706760406494,5.728003978729248,5.76399040222168,5.793224334716797,5.81583309173584,5.836266994476318,5.850203990936279,5.859724044799805,5.866576671600342,5.872583866119385
97,Guinea-Bissau,0.33440500497817993,0.33906814455986023,0.34322312474250793,0.3469182550907135,0.35017555952072144,0.35302478075027466,0.3555011749267578,0.35754916071891785,0.35923120379447937,0.36058923602104187,0.36183640360832214,0.36293622851371765,0.3638879656791687,0.36488521099090576,0.36561718583106995,0.36623716354370117
98,Guyana,3.883695602416992,3.990659713745117,4.061740398406982,4.109660625457764,4.142691135406494,4.165276050567627,4.180002689361572,4.189342498779297,4.194579124450684,4.198200225830078,4.199501037597656,4.19977331161499,4.199645519256592,4.199660778045654,4.199812889099121,4.199695110321045
99,Haiti,2.577665328979492,2.5268537998199463,2.482509136199951,2.4515631198883057,2.428790330886841,2.4074583053588867,2.409764289855957,2.4141106605529785,2.4185988903045654,2.44088077545166,2.4735686779022217,2.522275924682617,2.556389570236206,2.5603771209716797,2.5591518878936768,2.5584802627563477
100,High-income countries,12347.6787109375,12264.4150390625,12195.9541015625,12142.3232421875,12100.0126953125,12066.58984375,12040.8720703125,12021.0380859375,12006.44140625,11995.7412109375,11988.8232421875,11986.025390625,11984.9794921875,11980.06640625,11978.3681640625,11977.7431640625
101,Honduras,10.881026268005371,10.978965759277344,11.076166152954102,11.165301322937012,11.239714622497559,11.306282997131348,11.367403030395508,11.423208236694336,11.469012260437012,11.518548965454102,11.560346603393555,11.602128028869629,11.6302490234375,11.671089172363281,11.695542335510254,11.716530799865723
102,Hong Kong,28.277610778808594,27.514659881591797,26.869400024414062,26.135395050048828,26.350574493408203,26.62669563293457,27.383209228515625,28.52349853515625,29.201251983642578,30.276681900024414,31.57805824279785,33.87571716308594,37.92182159423828,40.765228271484375,42.98872375488281,44.31250762939453
103,Hungary,48.81157302856445,49.02470397949219,49.104148864746094,49.194759368896484,49.24707794189453,49.229366302490234,49.141685485839844,49.043846130371094,49.000701904296875,48.964569091796875,48.9813117980957,48.998130798339844,49.011131286621094,48.981380462646484,48.97724914550781,48.87733840942383
104,Iceland,3.5177037715911865,3.5175981521606445,3.51760196685791,3.517634630203247,3.5176198482513428,3.517585515975952,3.5175228118896484,3.5174126625061035,3.5173442363739014,3.5172698497772217,3.517292022705078,3.51741099357605,3.5175042152404785,3.5174434185028076,3.517427444458008,3.5174338817596436
105,India,2833.6123046875,2881.436279296875,2923.307373046875,2959.661376953125,2990.86962890625,3017.60546875,3040.482421875,3060.025634765625,3076.789306640625,3091.19580078125,3103.614990234375,3114.5107421875,3124.205810546875,3132.20703125,3138.4072265625,3143.61669921875
106,Indonesia,713.9737548828125,734.4850463867188,752.5157470703125,768.2333984375,782.0185546875,794.3939819335938,805.544677734375,815.2661743164062,823.498779296875,830.7252197265625,836.9420166015625,842.1972045898438,846.605712890625,850.74853515625,854.2452392578125,856.6962890625
107,International aviation,298.8291015625,292.2520446777344,278.2369384765625,279.4403381347656,291.4737548828125,315.7106628417969,359.7823486328125,422.2104187011719,496.882568359375,536.340576171875,548.9702758789062,551.3782958984375,550.951904296875,551.2225952148438,551.1329345703125,551.0086059570312
108,International shipping,620.1036987304688,619.9050903320312,619.062744140625,618.9425659179688,619.0595703125,618.6395263671875,618.2020874023438,617.84228515625,617.8778076171875,617.804443359375,618.3222045898438,618.8662719726562,619.2794799804688,618.746337890625,618.6797485351562,618.7822265625
109,International transport,,,,,,,,,,,,,,,,
110,Iran,711.8298950195312,716.898193359375,721.324462890625,725.1566772460938,728.4376831054688,731.2373657226562,733.5973510742188,735.6148071289062,737.3258056640625,738.71435546875,739.8936157226562,741.0126953125,742.0770263671875,743.0076293945312,743.7791748046875,744.3989868164062
111,Iraq,182.70465087890625,183.3086395263672,183.64581298828125,183.77789306640625,183.7818603515625,183.73133850097656,183.6334228515625,183.33741760253906,182.9722137451172,182.74026489257812,182.72128295898438,182.8010711669922,182.99749755859375,182.74093627929688,182.5479736328125,182.47488403320312
112,Ireland,38.061866760253906,38.0663948059082,38.067474365234375,38.07096862792969,38.07094192504883,38.07110595703125,38.06952667236328,38.06620407104492,38.06536102294922,38.068321228027344,38.07127380371094,38.07526397705078,38.07741928100586,38.07481002807617,38.07370376586914,38.07438278198242
113,Israel,54.89887619018555,56.10275650024414,56.56858444213867,58.18825149536133,59.800045013427734,61.90871047973633,62.397804260253906,62.611854553222656,63.02397537231445,63.2753791809082,63.35725021362305,63.47844314575195,63.49845886230469,63.323326110839844,63.019500732421875,62.68846130371094
114,Italy,331.6136169433594,331.0545349121094,330.2479248046875,330.04766845703125,330.10931396484375,330.2359313964844,330.142822265625,329.9137268066406,329.9447021484375,330.06488037109375,330.2279968261719,330.4329528808594,330.577392578125,330.2496032714844,330.2856140136719,330.3624267578125
115,Jamaica,6.243448734283447,5.998219013214111,5.798829078674316,5.599364280700684,5.392173767089844,5.197144031524658,5.003591060638428,4.8346357345581055,4.672697067260742,4.522044658660889,4.390340805053711,4.266748905181885,4.159161567687988,4.08160924911499,4.007492542266846,3.9407670497894287
116,Japan,1026.2677001953125,1019.5087280273438,1013.4620971679688,1009.8407592773438,1008.3714599609375,1008.9024658203125,1010.9376220703125,1013.1141967773438,1015.2926025390625,1017.7403564453125,1020.49755859375,1022.7411499023438,1024.489990234375,1024.8975830078125,1025.918701171875,1026.898193359375
117,Jordan,22.578020095825195,22.251014709472656,21.97989273071289,21.61763572692871,21.322031021118164,21.32805824279785,21.358327865600586,21.66388511657715,21.97771644592285,22.228229522705078,22.64076042175293,22.992897033691406,23.300731658935547,23.202550888061523,23.266376495361328,23.35071563720703
118,Kazakhstan,270.14013671875,268.9185485839844,267.352294921875,266.5249938964844,265.1656188964844,263.93450927734375,262.9428405761719,262.6829528808594,262.65667724609375,262.6750793457031,263.4468078613281,264.9810791015625,265.4247741699219,265.09100341796875,264.6860046386719,264.9032897949219
119,Kenya,25.388957977294922,26.109037399291992,26.660499572753906,27.07504653930664,27.3881893157959,27.61447525024414,27.776857376098633,27.891538619995117,27.97774314880371,28.04057502746582,28.077909469604492,28.099191665649414,28.107656478881836,28.112262725830078,28.118619918823242,28.121408462524414
120,Kiribati,0.07160184532403946,0.07306196540594101,0.07447817921638489,0.07548537105321884,0.07662151753902435,0.07783900201320648,0.07898271828889847,0.07982966303825378,0.08074603229761124,0.08160334080457687,0.08213416486978531,0.08264997601509094,0.08314786106348038,0.08362619578838348,0.08401770889759064,0.08441733568906784
121,Kosovo,,,,,,,,,,,,,,,,
122,Kuwait,110.9988021850586,112.2057876586914,113.24455261230469,114.20246124267578,115.2202377319336,115.84050750732422,116.91698455810547,118.08184814453125,118.7409896850586,119.05380249023438,119.48832702636719,119.86933135986328,120.17898559570312,120.69108581542969,121.06963348388672,121.32762145996094
123,Kuwaiti Oil Fires (Jones et al. 2023),,,,,,,,,,,,,,,,
124,Kyrgyzstan,9.14272689819336,9.092000007629395,9.01971435546875,8.93934440612793,8.895052909851074,8.912589073181152,8.924087524414062,8.949039459228516,8.976320266723633,8.989836692810059,8.998199462890625,9.049291610717773,9.050383567810059,9.033905029296875,9.044690132141113,9.055963516235352
125,Laos,24.654268264770508,25.215648651123047,25.64154052734375,25.960115432739258,26.190704345703125,26.34843635559082,26.449304580688477,26.49941062927246,26.536090850830078,26.58237648010254,26.627668380737305,26.665124893188477,26.68667984008789,26.696308135986328,26.709129333496094,26.71535873413086
126,Latvia,7.022286891937256,6.977521896362305,6.944989204406738,6.9031758308410645,6.873993396759033,6.85044527053833,6.83011531829834,6.813371181488037,6.7966718673706055,6.7820868492126465,6.769158840179443,6.751336097717285,6.737858772277832,6.7321343421936035,6.72424840927124,6.723631858825684
127,Least developed countries (Jones et al. 2023),,,,,,,,,,,,,,,,
128,Lebanon,23.739225387573242,23.505477905273438,23.39047622680664,23.23424530029297,23.081525802612305,23.000150680541992,22.91299057006836,22.89280128479004,22.94052505493164,23.023868560791016,23.168542861938477,23.268552780151367,23.358558654785156,23.32847785949707,23.339771270751953,23.367292404174805
129,Leeward Islands (Jones et al. 2023),,,,,,,,,,,,,,,,
130,Lesotho,3.799302339553833,4.07022762298584,4.184764862060547,4.2518310546875,4.140036582946777,3.4855244159698486,3.6498334407806396,3.639444351196289,3.8962903022766113,4.080785274505615,4.125236988067627,4.202646732330322,4.261819362640381,4.31919527053833,4.348466396331787,4.359986782073975
131,Liberia,0.9017130136489868,1.0458941459655762,1.198479413986206,1.1627845764160156,1.0743474960327148,0.8716802597045898,0.76551353931427,0.7386884689331055,0.9159407615661621,1.079424262046814,1.0286210775375366,1.1891366243362427,1.1250542402267456,1.1591827869415283,1.172955870628357,1.1928633451461792
132,Libya,48.44339370727539,50.98133850097656,54.880008697509766,56.084285736083984,54.19478225708008,54.50444412231445,50.455013275146484,57.74706268310547,55.23087692260742,55.35649871826172,57.19770050048828,56.716941833496094,53.27635955810547,51.472816467285156,56.09202575683594,52.22529602050781
133,Liechtenstein,0.14007475972175598,0.13970589637756348,0.13947536051273346,0.13931557536125183,0.13917922973632812,0.1392446905374527,0.13948506116867065,0.13951969146728516,0.13958552479743958,0.13959600031375885,0.1396777480840683,0.13966695964336395,0.1397162228822708,0.13971814513206482,0.13976320624351501,0.13985119760036469
134,Lithuania,13.083773612976074,12.93988037109375,13.008648872375488,12.963183403015137,12.902104377746582,12.836237907409668,12.851763725280762,12.881970405578613,12.880193710327148,12.863104820251465,12.824799537658691,12.771071434020996,12.698430061340332,12.64284610748291,12.569117546081543,12.587152481079102
135,Low-income countries,195.99720764160156,176.84188842773438,170.75750732421875,166.59803771972656,165.55995178222656,166.53790283203125,170.42446899414062,173.52711486816406,188.1248321533203,212.59677124023438,215.56716918945312,213.13113403320312,201.710693359375,193.5997772216797,177.34732055664062,167.8771514892578
136,Lower-middle-income countries,6542.23388671875,6645.32177734375,6733.19873046875,6807.21923828125,6869.25439453125,6921.18017578125,6964.59912109375,7000.48193359375,7030.18505859375,7054.69091796875,7074.984375,7091.80078125,7105.8740234375,7118.17529296875,7127.55419921875,7135.04833984375
137,Luxembourg,7.248529434204102,6.760438919067383,6.3307085037231445,6.0189337730407715,5.822181701660156,5.720935821533203,5.681885719299316,5.682898998260498,5.709662437438965,5.759369373321533,5.839807510375977,5.951430797576904,6.087355613708496,6.17436408996582,6.2763214111328125,6.349515914916992
138,Macao,1.379801869392395,1.654839038848877,0.9051216244697571,1.4026432037353516,1.4697678089141846,1.6410657167434692,1.8079036474227905,1.635892629623413,0.666663408279419,0.9537441730499268,0.6293984651565552,1.1550240516662598,1.2806545495986938,1.4944846630096436,1.6074955463409424,1.7001674175262451
139,Madagascar,4.551339149475098,4.618369102478027,4.666287899017334,4.700421333312988,4.727091312408447,4.748076438903809,4.7661638259887695,4.778773784637451,4.787304878234863,4.792136192321777,4.799405574798584,4.802812099456787,4.807038307189941,4.808161735534668,4.809330463409424,4.81013298034668
140,Malawi,2.1686618328094482,2.201613426208496,2.2242612838745117,2.2403268814086914,2.25211238861084,2.260913133621216,2.2676093578338623,2.2724854946136475,2.275938034057617,2.278355360031128,2.2799088954925537,2.2811691761016846,2.281954765319824,2.2824888229370117,2.2828991413116455,2.2831790447235107
141,Malaysia,293.5207214355469,299.3019714355469,304.68121337890625,309.6009521484375,314.0473937988281,318.02252197265625,321.573486328125,324.8523254394531,327.8627624511719,330.5411376953125,332.8819274902344,334.8923645019531,336.68035888671875,338.2705383300781,339.635986328125,340.8005676269531
142,Maldives,1.872640609741211,1.9007753133773804,1.9235007762908936,1.9415842294692993,1.9557106494903564,1.9669394493103027,1.9751261472702026,1.9818605184555054,1.9865070581436157,1.9901131391525269,1.9927676916122437,1.9954463243484497,1.9986387491226196,2.0003859996795654,2.0016839504241943,2.0022830963134766
143,Mali,7.188654899597168,7.33136510848999,7.435558319091797,7.512988567352295,7.570638656616211,7.612852573394775,7.643487453460693,7.665424823760986,7.679206371307373,7.689765930175781,7.696677207946777,7.700070381164551,7.702815532684326,7.704927444458008,7.706854820251465,7.708163261413574
144,Malta,1.5127429962158203,1.517557978630066,1.522680401802063,1.5359930992126465,1.554040789604187,1.5820060968399048,1.6036714315414429,1.6285220384597778,1.6347670555114746,1.631520390510559,1.631843090057373,1.6319680213928223,1.63483464717865,1.6362380981445312,1.6378824710845947,1.6410846710205078
145,Marshall Islands,0.15157243609428406,0.1522337794303894,0.15281476080417633,0.15332627296447754,0.15378764271736145,0.1542515605688095,0.15465347468852997,0.15499362349510193,0.15531623363494873,0.1556171029806137,0.15586021542549133,0.15609104931354523,0.15630631148815155,0.15650291740894318,0.15662886202335358,0.1567721664905548
146,Mauritania,4.594315528869629,4.693080902099609,4.770994186401367,4.8339924812316895,4.885540962219238,4.927999019622803,4.965208530426025,4.995204925537109,5.01929235458374,5.041909217834473,5.058107376098633,5.071371555328369,5.08270788192749,5.0912275314331055,5.097287654876709,5.102438449859619
147,Mauritius,4.197027206420898,4.188773155212402,4.176915168762207,4.169186115264893,4.160315036773682,4.151595592498779,4.144911766052246,4.141783237457275,4.138864517211914,4.140174865722656,4.147970676422119,4.155336856842041,4.165877819061279,4.156534194946289,4.154268741607666,4.156457901000977
148,Mexico,469.5496826171875,469.5516357421875,469.2409362792969,468.85455322265625,469.02789306640625,469.60540771484375,470.13507080078125,470.4482116699219,470.6710510253906,470.9237365722656,470.7924499511719,470.7883605957031,470.72906494140625,469.98809814453125,469.90899658203125,470.8997802734375
149,Micronesia (country),0.15323980152606964,0.15398699045181274,0.1557125300168991,0.15588496625423431,0.15595704317092896,0.15592268109321594,0.15603548288345337,0.1559711992740631,0.1560298055410385,0.15598013997077942,0.15581439435482025,0.1555285006761551,0.15530307590961456,0.1549995094537735,0.15489473938941956,0.1546771228313446
150,Middle East (GCP),2699.08984375,2714.567626953125,2727.653076171875,2738.75732421875,2747.9599609375,2755.839111328125,2762.07763671875,2767.03515625,2771.184814453125,2774.794921875,2778.177001953125,2781.4677734375,2784.663330078125,2787.086669921875,2789.010498046875,2790.613037109375
151,Moldova,5.530038356781006,5.548532485961914,5.639779090881348,5.7025465965271,5.756762981414795,5.828413486480713,5.888360500335693,5.958018779754639,6.022716999053955,6.076531887054443,6.110752105712891,6.133171081542969,6.153616428375244,6.187500953674316,6.204308032989502,6.229717254638672
152,Monaco,,,,,,,,,,,,,,,,
153,Mongolia,40.471656799316406,40.784236907958984,40.97957992553711,41.06183624267578,41.13330841064453,41.29684066772461,41.536170959472656,41.62693786621094,41.5948486328125,41.5231819152832,41.49022674560547,41.545894622802734,41.63594055175781,41.64433288574219,41.64967727661133,41.639930725097656
154,Montenegro,2.408714532852173,2.3863608837127686,2.4372763633728027,2.43129825592041,2.427283525466919,2.4393222332000732,2.4571242332458496,2.4789516925811768,2.4919331073760986,2.5210371017456055,2.5440094470977783,2.548468589782715,2.5485782623291016,2.553455352783203,2.565189838409424,2.5781476497650146
155,Montserrat,0.020213011652231216,0.024899320676922798,0.02860669046640396,0.04140597954392433,0.04311437904834747,0.046390123665332794,0.05234583467245102,0.057297978550195694,0.062252771109342575,0.06300164759159088,0.06333494931459427,0.06314299255609512,0.061242613941431046,0.0578821562230587,0.05212783068418503,0.04321705549955368
156,Morocco,72.46278381347656,74.02405548095703,75.59219360351562,77.04607391357422,78.46003723144531,79.78325653076172,81.06804656982422,82.27788543701172,83.39027404785156,84.43360900878906,85.34935760498047,86.17864227294922,86.82627868652344,87.5203857421875,88.01595306396484,88.56585693359375
157,Mozambique,7.483015060424805,7.477545261383057,7.4540019035339355,7.410985946655273,7.357056617736816,7.279247760772705,7.193953514099121,7.205362319946289,7.186569690704346,7.212196350097656,7.2040276527404785,7.196355819702148,7.18923807144165,7.161189556121826,7.147805213928223,7.154609680175781
158,Myanmar,38.528167724609375,39.440128326416016,40.15904998779297,40.71559143066406,41.155948638916016,41.53605270385742,41.83763885498047,42.06523513793945,42.22216033935547,42.356346130371094,42.45979690551758,42.50912857055664,42.55333709716797,42.588653564453125,42.61630630493164,42.644161224365234
159,Namibia,4.055820465087891,4.0698370933532715,4.078790664672852,4.083280563354492,4.081445217132568,4.0832743644714355,4.069190502166748,4.066473007202148,4.065000057220459,4.065996170043945,4.069804668426514,4.073540210723877,4.077212333679199,4.074355125427246,4.070695877075195,4.069162845611572
160,Nauru,0.053868088871240616,0.0538327731192112,0.05375160649418831,0.053692255169153214,0.053574562072753906,0.053475674241781235,0.05341007187962532,0.053376227617263794,0.053395140916109085,0.053359635174274445,0.05337744206190109,0.05339675396680832,0.053417839109897614,0.05338585376739502,0.0533924400806427,0.05338568612933159
161,Nepal,16.162649154663086,16.3077392578125,16.396013259887695,16.442964553833008,16.454988479614258,16.4365234375,16.399686813354492,16.35869789123535,16.286401748657227,16.23819351196289,16.20819854736328,16.20166778564453,16.176549911499023,16.162221908569336,16.154115676879883,16.14305877685547
162,Netherlands,115.75930786132812,107.88429260253906,102.71182250976562,99.21507263183594,97.08937072753906,95.68315124511719,94.70122528076172,94.08175659179688,93.57415008544922,93.19960021972656,92.94758605957031,92.79171752929688,92.70681762695312,92.7479476928711,92.73817443847656,92.77320098876953
163,New Caledonia,5.283728122711182,5.281673431396484,5.273857593536377,5.268044471740723,5.2576823234558105,5.242401123046875,5.226137161254883,5.221726417541504,5.214439868927002,5.2150654792785645,5.217886924743652,5.226724624633789,5.234189033508301,5.23463773727417,5.226004123687744,5.224059104919434
164,New Zealand,30.769533157348633,28.493045806884766,27.086599349975586,25.835140228271484,24.925142288208008,23.971948623657227,23.39774513244629,22.95688247680664,22.617475509643555,22.446613311767578,22.242855072021484,22.11559295654297,22.04088592529297,22.070646286010742,22.13503074645996,22.212305068969727
165,Nicaragua,5.39716100692749,5.427172660827637,5.453464984893799,5.476559638977051,5.494894027709961,5.512903213500977,5.527455806732178,5.53830099105835,5.543769359588623,5.549806594848633,5.555974006652832,5.563931941986084,5.571248531341553,5.579944133758545,5.583263397216797,5.5855255126953125
166,Niger,3.1882762908935547,3.3203723430633545,3.4206860065460205,3.493014097213745,3.543126344680786,3.5810458660125732,3.608959674835205,3.6295390129089355,3.6425559520721436,3.6491076946258545,3.6519367694854736,3.6462628841400146,3.6436307430267334,3.6415622234344482,3.639993906021118,3.63751482963562
167,Nigeria,130.68809509277344,132.70602416992188,134.50941467285156,136.1147918701172,137.75669860839844,139.4710693359375,141.1101531982422,142.71124267578125,144.25086975097656,145.61351013183594,146.82891845703125,147.86407470703125,148.66238403320312,149.39083862304688,150.01132202148438,150.5782928466797
168,Niue,0.007290574721992016,0.007288426626473665,0.007234874647110701,0.00719523336738348,0.007214863318949938,0.007233631797134876,0.007250923663377762,0.007321674842387438,0.007326172199100256,0.0073304022662341595,0.00733387703076005,0.007392637897282839,0.007384160999208689,0.007376751396805048,0.007385767996311188,0.007393050007522106
169,Non-OECD (GCP),24403.0703125,24640.927734375,24857.650390625,25047.857421875,25216.81640625,25372.3359375,25518.251953125,25653.095703125,25779.015625,25894.365234375,25996.212890625,26085.515625,26164.69921875,26241.380859375,26303.21484375,26359.76953125
170,North America,6158.45947265625,6136.09423828125,6115.18408203125,6099.115234375,6085.84814453125,6074.00634765625,6065.306640625,6059.33740234375,6054.6142578125,6050.615234375,6047.56689453125,6046.83544921875,6046.80322265625,6044.0390625,6042.8037109375,6042.4189453125
171,North America (GCP),5972.60888671875,5948.15966796875,5928.5048828125,5911.34912109375,5897.14111328125,5885.20361328125,5874.7744140625,5866.17578125,5859.37646484375,5853.87451171875,5849.25244140625,5845.22900390625,5842.3564453125,5841.1357421875,5839.10302734375,5837.2587890625
172,North America (excl. USA),1188.5406494140625,1190.18701171875,1186.8388671875,1185.390869140625,1188.2186279296875,1193.15673828125,1197.91796875,1201.40771484375,1205.4642333984375,1207.4595947265625,1208.462646484375,1210.7384033203125,1213.2164306640625,1205.62353515625,1202.347412109375,1204.35107421875
173,North Korea,55.40105056762695,56.26003646850586,56.00655746459961,55.457847595214844,54.12211227416992,52.81837844848633,50.908668518066406,49.218170166015625,47.18140411376953,45.44377899169922,45.79971694946289,45.897003173828125,46.47335433959961,46.836891174316406,47.343929290771484,47.81317901611328
174,North Macedonia,7.580265998840332,7.665438175201416,7.712876796722412,7.752389907836914,7.81179666519165,7.845310688018799,7.828161716461182,7.794974327087402,7.7411980628967285,7.6836395263671875,7.649120807647705,7.5961012840271,7.589339256286621,7.5539445877075195,7.555119037628174,7.553319931030273
175,Norway,41.01174545288086,41.27937698364258,40.81803894042969,41.912899017333984,42.71586608886719,43.318485260009766,44.00251770019531,44.64929962158203,45.157554626464844,45.41910934448242,45.5753288269043,45.69622802734375,45.73210525512695,45.70114517211914,45.62738800048828,45.480072021484375
176,OECD (GCP),11574.0703125,11512.22265625,11462.056640625,11423.9072265625,11394.9169921875,11372.853515625,11357.095703125,11345.728515625,11337.90625,11332.7744140625,11330.2548828125,11330.3837890625,11331.0888671875,11328.2587890625,11328.1787109375,11328.6123046875
177,OECD (Jones et al. 2023),,,,,,,,,,,,,,,,
178,Oceania,449.8070983886719,449.7311096191406,449.6700439453125,449.5429382324219,449.3440246582031,449.35614013671875,448.9736022949219,448.3386535644531,448.1754455566406,448.5455322265625,449.29638671875,450.3104553222656,451.4384765625,451.4859924316406,450.9807434082031,450.5861511230469
179,Oceania (GCP),431.9544677734375,431.6034240722656,431.3719787597656,430.92425537109375,429.9095153808594,429.9923095703125,428.02740478515625,424.5444641113281,422.92755126953125,423.5710754394531,427.7208557128906,437.5787353515625,445.3780517578125,446.7911071777344,447.19342041015625,448.0375061035156
180,Oman,67.78292846679688,68.00596618652344,68.17814636230469,68.30933380126953,68.40184020996094,68.46524810791016,68.51520538330078,68.55992889404297,68.60185241699219,68.64591217041016,68.6864013671875,68.73596954345703,68.77793884277344,68.7816162109375,68.7676773071289,68.76339721679688
181,Pakistan,221.95611572265625,225.119873046875,227.99278259277344,230.65231323242188,233.03651428222656,235.1681365966797,237.12374877929688,238.76058959960938,240.06076049804688,240.82373046875,241.26690673828125,241.8453369140625,242.38340759277344,242.9664764404297,243.2375030517578,243.78070068359375
182,Palau,0.2270117551088333,0.21731197834014893,0.2091997265815735,0.21171078085899353,0.2151796817779541,0.2186097353696823,0.22043265402317047,0.21890972554683685,0.2131003886461258,0.21421906352043152,0.21582701802253723,0.21557267010211945,0.21774326264858246,0.2163851261138916,0.21851706504821777,0.21825073659420013
183,Palestine,3.555771827697754,3.60699462890625,3.650146007537842,3.6854796409606934,3.7142608165740967,3.7370617389678955,3.7550840377807617,3.7699475288391113,3.7825374603271484,3.7936034202575684,3.803392171859741,3.8111934661865234,3.8174877166748047,3.822612762451172,3.8267908096313477,3.830206871032715
184,Panama,11.78915023803711,11.852907180786133,11.90984058380127,11.958879470825195,12.004956245422363,12.042140007019043,12.076703071594238,12.10903549194336,12.13716983795166,12.157476425170898,12.175779342651367,12.187032699584961,12.209731101989746,12.22104549407959,12.232039451599121,12.24268913269043
185,Panama Canal Zone (Jones et al. 2023),,,,,,,,,,,,,,,,
186,Papua New Guinea,8.29517936706543,8.473573684692383,8.65068531036377,8.824803352355957,8.97339153289795,9.111207008361816,9.228074073791504,9.315752983093262,9.397444725036621,9.46761417388916,9.536994934082031,9.588287353515625,9.634069442749023,9.678263664245605,9.716819763183594,9.753939628601074
187,Paraguay,8.98770523071289,9.076394081115723,9.143123626708984,9.195452690124512,9.235278129577637,9.263126373291016,9.280038833618164,9.288799285888672,9.29273509979248,9.29742431640625,9.30280876159668,9.308854103088379,9.311590194702148,9.306648254394531,9.309082984924316,9.310133934020996
188,Peru,58.38418197631836,58.92185592651367,59.388465881347656,59.79518127441406,60.115150451660156,60.39295196533203,60.57209777832031,60.747833251953125,60.87519073486328,60.995819091796875,61.111473083496094,61.21933364868164,61.340877532958984,61.32542037963867,61.348690032958984,61.40106964111328
189,Philippines,148.6519317626953,149.2896728515625,149.51548767089844,149.5315399169922,149.2999725341797,148.92884826660156,148.50595092773438,148.03094482421875,147.62538146972656,147.2908172607422,147.11871337890625,147.02711486816406,146.97232055664062,146.72605895996094,146.60130310058594,146.58932495117188
190,Poland,325.9411315917969,323.79827880859375,323.6526184082031,322.719482421875,321.98785400390625,322.2289733886719,322.80108642578125,324.065185546875,324.0677490234375,323.5718994140625,322.566162109375,321.6109313964844,322.99676513671875,324.4595642089844,323.2789306640625,323.2034606933594
191,Portugal,39.20883560180664,37.4536247253418,35.75811767578125,34.190940856933594,32.684139251708984,31.287378311157227,30.013164520263672,28.827425003051758,27.6420841217041,26.628185272216797,25.632814407348633,24.843505859375,24.225543975830078,23.78313446044922,23.412208557128906,23.04393768310547
192,Puerto Rico,,,,,,,,,,,,,,,,
193,Qatar,107.43109893798828,108.73202514648438,109.85833740234375,110.83262634277344,111.68712615966797,112.45585632324219,113.17640686035156,113.80514526367188,114.37413787841797,114.88127136230469,115.2979736328125,115.68621826171875,116.0135726928711,116.30355072021484,116.5548324584961,116.7989273071289
194,Romania,75.5714340209961,75.4755859375,75.29147338867188,75.13189697265625,75.05150604248047,75.00140380859375,74.93341827392578,74.87445831298828,74.8214340209961,74.77265930175781,74.74153137207031,74.72631072998047,74.71441650390625,74.69996643066406,74.69154357910156,74.67923736572266
195,Russia,1686.327880859375,1687.848876953125,1691.79541015625,1693.5157470703125,1694.013427734375,1694.292724609375,1696.1043701171875,1697.8780517578125,1699.610595703125,1701.33447265625,1702.2921142578125,1702.24169921875,1702.4561767578125,1704.2716064453125,1704.301025390625,1705.6605224609375
196,Rwanda,1.6378287076950073,1.6878118515014648,1.7273043394088745,1.7582308053970337,1.7823162078857422,1.8010404109954834,1.8155231475830078,1.8265695571899414,1.835024118423462,1.8414379358291626,1.8463029861450195,1.8500677347183228,1.8529613018035889,1.85499107837677,1.85664701461792,1.8577947616577148
197,Ryukyu Islands (Jones et al. 2023),,,,,,,,,,,,,,,,
198,Saint Helena,0.019960250705480576,0.0205275546759367,0.020928094163537025,0.021220406517386436,0.02143947407603264,0.021606333553791046,0.021733853965997696,0.021830040961503983,0.021900011226534843,0.021952373906970024,0.02199183963239193,0.022011928260326385,0.02202341891825199,0.022031636908650398,0.02203734777867794,0.02204066514968872
199,Saint Kitts and Nevis,0.23322519659996033,0.23286691308021545,0.23267152905464172,0.2323521375656128,0.23228633403778076,0.23192451894283295,0.23162154853343964,0.23147805035114288,0.23141136765480042,0.2314625084400177,0.23164775967597961,0.23195293545722961,0.23251649737358093,0.23256002366542816,0.23235857486724854,0.23216983675956726
200,Saint Lucia,0.4786386489868164,0.47773557901382446,0.47678428888320923,0.47674909234046936,0.4767329692840576,0.4767923355102539,0.4768112599849701,0.47679823637008667,0.4767368733882904,0.47663024067878723,0.4767621159553528,0.4771854877471924,0.4775524139404297,0.47767841815948486,0.4775335192680359,0.47743722796440125
201,Saint Pierre and Miquelon,0.060924775898456573,0.061087314039468765,0.06134294718503952,0.06167924031615257,0.06207844614982605,0.06252147257328033,0.06299067288637161,0.06347092986106873,0.06394930928945541,0.06441400200128555,0.06485292315483093,0.06463699042797089,0.06502936035394669,0.06506040692329407,0.06487702578306198,0.06472073495388031
202,Saint Vincent and the Grenadines,0.2369900643825531,0.23710180819034576,0.23691141605377197,0.2371033877134323,0.23727980256080627,0.23735444247722626,0.23746153712272644,0.23738187551498413,0.23743577301502228,0.23745405673980713,0.23759274184703827,0.23757235705852509,0.23762831091880798,0.23757672309875488,0.23758111894130707,0.23757587373256683
203,Samoa,0.255876749753952,0.25634172558784485,0.25661975145339966,0.25678735971450806,0.2568696439266205,0.2568470537662506,0.25677287578582764,0.2566675841808319,0.2566158175468445,0.2565833032131195,0.2565661072731018,0.2565123736858368,0.25656405091285706,0.25652366876602173,0.2565118372440338,0.2564868628978729
204,San Marino,,,,,,,,,,,,,,,,
205,Sao Tome and Principe,0.1427028626203537,0.14313940703868866,0.14344091713428497,0.14367829263210297,0.1437084823846817,0.1436968594789505,0.14355406165122986,0.14349980652332306,0.1434851437807083,0.143609419465065,0.14363598823547363,0.14365015923976898,0.14369796216487885,0.14370079338550568,0.14376966655254364,0.14368470013141632
206,Saudi Arabia,668.6718139648438,669.814208984375,670.5728149414062,671.271240234375,671.2030639648438,671.23095703125,670.5699462890625,670.1177368164062,670.1085205078125,670.33154296875,670.5150146484375,670.8419189453125,671.5142211914062,671.3369140625,671.13671875,671.1044921875
207,Senegal,12.271222114562988,12.364398956298828,12.429058074951172,12.479575157165527,12.519429206848145,12.543182373046875,12.557226181030273,12.566093444824219,12.573884963989258,12.577327728271484,12.580268859863281,12.583076477050781,12.59188461303711,12.590733528137207,12.590425491333008,12.588876724243164
208,Serbia,43.96223068237305,43.83988571166992,43.82067108154297,43.79897689819336,43.71003723144531,43.724422454833984,43.723731994628906,43.88005065917969,43.891204833984375,43.87297439575195,43.84245300292969,43.83510971069336,43.827232360839844,43.8004264831543,43.799503326416016,43.806697845458984
209,Seychelles,0.681471049785614,0.6930246353149414,0.7026307582855225,0.7108398079872131,0.718047022819519,0.7239600419998169,0.7289398312568665,0.7328120470046997,0.7358465790748596,0.7381631731987,0.7400790452957153,0.7416447997093201,0.7430534958839417,0.7442077398300171,0.7449792623519897,0.7456839084625244
210,Sierra Leone,1.0512211322784424,1.0432134866714478,1.0334815979003906,1.0231876373291016,1.0155799388885498,1.0097923278808594,1.0081559419631958,1.0083378553390503,1.007965087890625,1.0090817213058472,1.0094399452209473,1.0086984634399414,1.0073986053466797,1.0065315961837769,1.0075650215148926,1.0094058513641357
211,Singapore,42.82238006591797,46.83009338378906,47.86226272583008,48.308807373046875,48.839168548583984,48.38847351074219,47.93986511230469,47.85765075683594,47.056514739990234,48.076534271240234,48.45159149169922,48.11554718017578,48.73065948486328,48.0492057800293,47.66036605834961,47.592681884765625
212,Sint Maarten (Dutch part),0.6413710713386536,0.6351548433303833,0.6309807896614075,0.5971393585205078,0.5797464847564697,0.5838642120361328,0.5929760932922363,0.6059019565582275,0.6236251592636108,0.6420273780822754,0.6546915769577026,0.6645664572715759,0.6740297675132751,0.6781449913978577,0.6787106394767761,0.6793776750564575
213,Slovakia,34.12874984741211,34.139888763427734,34.11871337890625,34.1253776550293,34.14329147338867,34.14540481567383,34.1494026184082,34.13107681274414,34.1224365234375,34.1226692199707,34.14528274536133,34.17662811279297,34.183311462402344,34.15083694458008,34.16203308105469,34.163108825683594
214,Slovenia,12.562884330749512,12.364664077758789,12.19550895690918,12.077884674072266,11.999979972839355,11.946023941040039,11.90771198272705,11.865696907043457,11.837583541870117,11.832561492919922,11.840954780578613,11.857393264770508,11.874433517456055,11.880304336547852,11.891762733459473,11.901078224182129
215,Solomon Islands,0.2940204441547394,0.29445433616638184,0.29498475790023804,0.2956081032752991,0.29635322093963623,0.2971579432487488,0.2984931766986847,0.29919710755348206,0.2988884150981903,0.29850345849990845,0.2981029152870178,0.2978328764438629,0.2976847290992737,0.2974821627140045,0.29755231738090515,0.29755690693855286
216,Somalia,0.6361266374588013,0.6364879012107849,0.6367653608322144,0.6370025873184204,0.6371867060661316,0.6373007297515869,0.6373827457427979,0.6374503374099731,0.6375011801719666,0.6375492811203003,0.6376078128814697,0.6376774907112122,0.6377586126327515,0.6377643942832947,0.63772052526474,0.6377187371253967
217,South Africa,423.0694274902344,426.2186584472656,428.58697509765625,429.74102783203125,431.585205078125,433.1352233886719,434.95465087890625,438.1417541503906,439.38055419921875,441.575927734375,442.507568359375,443.1551513671875,445.9473876953125,446.6261901855469,446.5598449707031,444.76641845703125
218,South America,1024.75537109375,1019.5645751953125,1013.51513671875,1013.8462524414062,1015.285400390625,1019.6526489257812,1027.68359375,1037.7540283203125,1046.960693359375,1054.30224609375,1060.901123046875,1062.9027099609375,1064.7510986328125,1058.650146484375,1061.314208984375,1063.9847412109375
219,South America (GCP),1024.3133544921875,1018.6311645507812,1012.25537109375,1012.75927734375,1014.6227416992188,1019.7505493164062,1028.792236328125,1039.8697509765625,1049.8572998046875,1057.70263671875,1064.546630859375,1066.4979248046875,1068.172607421875,1061.761474609375,1064.37109375,1066.846923828125
220,South Korea,611.8430786132812,608.8584594726562,605.9863891601562,604.8541870117188,604.6777954101562,604.7265625,605.0692749023438,605.3421630859375,605.8468017578125,606.5558471679688,607.8760375976562,609.79345703125,611.0492553710938,610.805908203125,611.1215209960938,610.952880859375
221,South Sudan,1.807053565979004,1.8247672319412231,1.8411487340927124,1.8566051721572876,1.8718669414520264,1.8855783939361572,1.8967907428741455,1.9062936305999756,1.909278154373169,1.9160783290863037,1.926623821258545,1.931986927986145,1.9365543127059937,1.9424552917480469,1.945678472518921,1.9491058588027954
222,Spain,230.77740478515625,228.08480834960938,225.81842041015625,223.8298797607422,222.05352783203125,220.49920654296875,219.19686889648438,218.00735473632812,216.90501403808594,215.9935302734375,215.17013549804688,214.49623107910156,213.98703002929688,213.67481994628906,213.31434631347656,212.9388885498047
223,Sri Lanka,20.253141403198242,20.200775146484375,20.13195037841797,20.028106689453125,19.939075469970703,19.849699020385742,19.69956398010254,19.60350799560547,19.559139251708984,19.608531951904297,19.671546936035156,19.67079734802246,19.70519256591797,19.730358123779297,19.74597930908203,19.681001663208008
224,St. Kitts-Nevis-Anguilla (Jones et al. 2023),,,,,,,,,,,,,,,,
225,Sudan,22.43006134033203,22.693950653076172,22.937488555908203,23.16370964050293,23.37555503845215,23.560550689697266,23.70842742919922,23.835540771484375,23.918027877807617,24.008869171142578,24.089279174804688,24.154022216796875,24.21726417541504,24.2878360748291,24.337282180786133,24.3853759765625
226,Suriname,3.573694944381714,3.7233972549438477,3.8712055683135986,3.9799044132232666,4.054061412811279,4.159753322601318,4.208747863769531,4.260451316833496,4.359496116638184,4.442625522613525,4.558639049530029,4.682097911834717,4.7627458572387695,4.823986530303955,4.853054523468018,4.885438919067383
227,Sweden,36.66796112060547,36.033748626708984,35.44889450073242,34.95933151245117,34.53895950317383,34.17255783081055,33.85072326660156,33.56441116333008,33.31138229370117,33.09189987182617,32.90358352661133,32.744258880615234,32.61217498779297,32.499000549316406,32.39558029174805,32.30809783935547
228,Switzerland,34.880558013916016,34.74700164794922,34.65542984008789,34.590267181396484,34.547550201416016,34.5183219909668,34.496131896972656,34.482364654541016,34.47343444824219,34.4664192199707,34.46113204956055,34.4576301574707,34.453773498535156,34.4535026550293,34.45204162597656,34.45090103149414
229,Syria,28.36298942565918,29.017684936523438,29.656415939331055,30.36737060546875,31.087831497192383,31.534168243408203,31.724956512451172,31.852201461791992,31.92165184020996,31.938322067260742,31.976152420043945,32.10820007324219,32.15108871459961,32.12133026123047,32.089622497558594,32.04698181152344
230,Taiwan,280.5557861328125,280.8179626464844,281.22283935546875,281.3963623046875,281.4941101074219,281.6303405761719,281.74591064453125,281.8264465332031,281.90716552734375,281.9389953613281,281.9117736816406,281.91510009765625,282.0268249511719,282.149169921875,282.0473937988281,282.1055603027344
231,Tajikistan,10.50217056274414,10.676410675048828,10.794034957885742,10.873099327087402,10.921085357666016,10.950413703918457,10.96216106414795,10.971922874450684,10.976547241210938,10.975714683532715,10.974875450134277,10.975255012512207,10.975804328918457,10.975452423095703,10.97600269317627,10.975004196166992
232,Tanzania,16.027042388916016,16.463031768798828,16.80547332763672,17.072612762451172,17.284048080444336,17.452470779418945,17.589385986328125,17.703439712524414,17.7968807220459,17.87360954284668,17.935659408569336,17.9862003326416,18.024608612060547,18.05624008178711,18.080486297607422,18.101083755493164
233,Thailand,274.0018615722656,273.1044921875,272.1018371582031,271.2685241699219,270.381591796875,269.9004211425781,269.3938903808594,269.10040283203125,268.9405212402344,269.0182800292969,269.14715576171875,269.50750732421875,269.779052734375,269.80352783203125,269.6870422363281,269.66412353515625
234,Togo,2.7647202014923096,2.877394676208496,2.8734214305877686,2.8943209648132324,2.936467170715332,3.019162178039551,3.156651496887207,3.28543758392334,3.376228094100952,3.432162046432495,3.502652406692505,3.557922124862671,3.5981624126434326,3.637578010559082,3.6683132648468018,3.6970560550689697
235,Tonga,0.19508378207683563,0.1970292627811432,0.1983686238527298,0.19954147934913635,0.2005987912416458,0.20144960284233093,0.20211268961429596,0.2026745229959488,0.20313474535942078,0.20348918437957764,0.2037499099969864,0.20398224890232086,0.20411573350429535,0.20417560636997223,0.20420773327350616,0.20424720644950867
236,Trinidad and Tobago,35.41596603393555,35.36994171142578,35.4332275390625,35.850948333740234,36.40839767456055,37.02315902709961,37.72795104980469,38.639259338378906,39.52873992919922,39.97395706176758,40.47357177734375,40.98126220703125,41.52107238769531,41.533084869384766,41.509830474853516,41.295799255371094
237,Tunisia,34.12916564941406,34.6201057434082,35.117271423339844,35.548580169677734,36.02580261230469,36.44398498535156,36.861934661865234,37.2366828918457,37.56376647949219,37.91526794433594,38.244285583496094,38.57182693481445,38.90861511230469,39.27301025390625,39.436058044433594,39.59368896484375
238,Turkey,449.92584228515625,455.839599609375,461.277587890625,466.1725158691406,470.54559326171875,474.50653076171875,478.0202941894531,481.0342102050781,483.6328430175781,485.9320983886719,488.081787109375,490.1461486816406,491.9932861328125,493.5147399902344,494.82476806640625,496.0251159667969
239,Turkmenistan,69.29348754882812,69.68157958984375,70.19298553466797,70.55142974853516,70.78504180908203,70.99742126464844,71.27750396728516,71.59068298339844,71.86912536621094,72.14252471923828,72.41213989257812,72.6839828491211,72.90933990478516,73.07472229003906,73.18932342529297,73.28775787353516
240,Turks and Caicos Islands,0.3643895387649536,0.3677155673503876,0.3707854449748993,0.3736562728881836,0.3763826787471771,0.3789183795452118,0.3811832666397095,0.38301753997802734,0.38464483618736267,0.3859224319458008,0.3869016468524933,0.38776737451553345,0.3886539041996002,0.389585942029953,0.3905966877937317,0.39148131012916565
241,Tuvalu,0.01100236177444458,0.011002360843122005,0.011002360843122005,0.01100235991179943,0.01100235991179943,0.01100235991179943,0.01100235991179943,0.01100235991179943,0.01100235991179943,0.01100235991179943,0.01100235991179943,0.011002358980476856,0.011002358980476856,0.01100235991179943,0.01100235991179943,0.01100235991179943
242,Uganda,6.472225666046143,6.639168739318848,6.785834789276123,6.913841724395752,7.026548862457275,7.125114440917969,7.209057807922363,7.279796123504639,7.339478969573975,7.39040470123291,7.433663845062256,7.471858501434326,7.505314826965332,7.534934043884277,7.55911111831665,7.5800251960754395
243,Ukraine,157.8212890625,144.28567504882812,132.7379608154297,124.06099700927734,118.0920181274414,114.17101287841797,111.7863998413086,109.98107147216797,108.46172332763672,107.76782989501953,107.46414947509766,107.80927276611328,108.43448638916016,109.16614532470703,110.25186920166016,110.4423599243164
244,United Arab Emirates,231.06741333007812,232.55047607421875,233.76828002929688,234.70252990722656,235.42710876464844,235.9982147216797,236.4806365966797,236.99586486816406,237.2981414794922,237.6077117919922,238.10499572753906,238.61257934570312,238.94850158691406,239.28988647460938,239.33689880371094,239.31121826171875
245,United Kingdom,312.9787902832031,306.4576110839844,301.0827941894531,296.8279113769531,293.3118591308594,290.5774230957031,288.46673583984375,286.7508239746094,285.3769836425781,284.25274658203125,283.35003662109375,282.64990234375,282.1085510253906,281.62164306640625,281.28076171875,280.9964904785156
246,United States,4937.58203125,4912.07861328125,4889.05810546875,4871.05908203125,4856.14404296875,4842.6064453125,4832.13818359375,4824.71044921875,4818.74853515625,4813.6923828125,4809.669921875,4808.2373046875,4807.82177734375,4804.751953125,4803.4677734375,4802.99169921875
247,Upper-middle-income countries,16701.90625,16813.291015625,16916.568359375,17001.06640625,17067.408203125,17127.236328125,17183.783203125,17238.1015625,17293.921875,17348.849609375,17396.419921875,17436.205078125,17468.87890625,17501.92578125,17522.609375,17542.857421875
248,Uruguay,8.921133041381836,8.550640106201172,8.032818794250488,8.662259101867676,8.483312606811523,6.918698310852051,6.488605499267578,6.529017448425293,6.584308624267578,6.837285041809082,7.597817897796631,8.060844421386719,8.50676441192627,8.883803367614746,8.879435539245605,8.947376251220703
249,Uzbekistan,119.48052215576172,123.54750061035156,123.13597106933594,122.13256072998047,123.13790130615234,124.52044677734375,124.28514099121094,122.66624450683594,119.75851440429688,118.08766174316406,116.01785278320312,112.61730194091797,110.63482666015625,109.05181884765625,108.46696472167969,108.45970153808594
250,Vanuatu,0.21239599585533142,0.21598730981349945,0.2185751497745514,0.22057278454303741,0.22207477688789368,0.2233649641275406,0.2244606912136078,0.22515660524368286,0.22584186494350433,0.22636964917182922,0.22687135636806488,0.22715744376182556,0.22749556601047516,0.22764870524406433,0.22775086760520935,0.22785405814647675
251,Vatican,,,,,,,,,,,,,,,,
252,Venezuela,62.300392150878906,65.39534759521484,68.83897399902344,98.66851806640625,123.24116516113281,158.15635681152344,201.28842163085938,224.63607788085938,239.5789794921875,248.6080322265625,253.11305236816406,251.2342071533203,242.5476837158203,218.82383728027344,168.36087036132812,97.59443664550781
253,Vietnam,366.0372619628906,372.493896484375,377.58221435546875,381.6794738769531,385.0486145019531,387.88604736328125,390.25592041015625,392.19708251953125,393.7817687988281,395.1346435546875,396.28057861328125,397.1683654785156,397.6384582519531,397.9889221191406,398.3542785644531,398.7154541015625
254,Wallis and Futuna,0.027024151757359505,0.026328781619668007,0.02644304744899273,0.026458142325282097,0.026090215891599655,0.025771500542759895,0.024983353912830353,0.02448657713830471,0.024303320795297623,0.024924376979470253,0.02536824531853199,0.025672949850559235,0.025874003767967224,0.025998318567872047,0.026170091703534126,0.02614779584109783
255,World,36692.296875,36772.01953125,36840.6171875,36892.55078125,36934.30859375,36970.1171875,37001.45703125,37028.9453125,37053.17578125,37073.61328125,37089.1171875,37101.45703125,37113.96875,37129.99609375,37136.40234375,37142.1171875
256,Yemen,12.093793869018555,14.580159187316895,20.186962127685547,28.06655502319336,33.52777099609375,36.723228454589844,41.25440979003906,43.8626708984375,43.23868942260742,40.605770111083984,35.23380661010742,26.066457748413086,16.242359161376953,10.903627395629883,8.213655471801758,6.579618453979492
257,Zambia,9.010733604431152,9.15606689453125,9.26559066772461,9.346882820129395,9.406064987182617,9.451376914978027,9.483757972717285,9.506573677062988,9.519967079162598,9.528563499450684,9.535478591918945,9.540449142456055,9.543270111083984,9.54482364654541,9.546452522277832,9.547823905944824
258,Zimbabwe,8.673402786254883,9.825207710266113,10.551383972167969,10.986373901367188,11.000387191772461,10.781785011291504,10.353468894958496,9.611011505126953,8.297698020935059,7.617189407348633,7.655399799346924,6.706418991088867,6.32926607131958,7.366499423980713,8.115263938903809,8.565982818603516
